epoch,train_loss,train_acc,val_loss,val_acc,lr
0,0.5650791270392281,0.7377803335250144,0.4326436102390289,0.8474025974025974,0.0009972609476841367
1,0.39874485028641565,0.8711903392754456,0.3325148820877075,0.8993506493506493,0.0009890738003669028
2,0.31695385703018736,0.9079930994824612,0.2766665041446686,0.9285714285714286,0.0009755282581475768
3,0.2774496360548905,0.9166187464059804,0.23993454575538636,0.9448051948051948,0.0009567727288213003
4,0.2432933667940753,0.9315698677400805,0.21364301145076753,0.9512987012987013,0.0009330127018922195
5,0.2277830040880612,0.9355951696377228,0.19551657140254974,0.9512987012987013,0.0009045084971874739
6,0.2095480885888849,0.9401955146635997,0.18128935396671295,0.9545454545454546,0.0008715724127386972
7,0.19760787008064135,0.9396204715353651,0.1689260020852089,0.9642857142857143,0.0008345653031794292
8,0.19044944271445274,0.9424956871765382,0.1591472879052162,0.9675324675324676,0.0007938926261462366
9,0.17950647377542087,0.9511213341000575,0.15181923657655716,0.9675324675324676,0.00075
10,0.17059252810265338,0.9447958596894767,0.14567345678806304,0.9642857142857143,0.0007033683215379003
11,0.1623419877141714,0.9528464634847613,0.14023619145154953,0.9642857142857143,0.0006545084971874739
12,0.16447505142007554,0.9528464634847613,0.13569322228431702,0.9707792207792207,0.0006039558454088797
13,0.16167812741228513,0.953421506612996,0.13249809592962264,0.9707792207792207,0.0005522642316338269
14,0.15598951120461738,0.9551466359976998,0.12895531803369523,0.9707792207792207,0.0005000000000000002
15,0.1533856527613742,0.9511213341000575,0.12603003829717635,0.9707792207792207,0.0004477357683661734
16,0.14857118323977506,0.9528464634847613,0.12369920015335083,0.974025974025974,0.00039604415459112036
17,0.1481430706168924,0.9528464634847613,0.12191960513591767,0.974025974025974,0.0003454915028125264
18,0.1475133810724531,0.9511213341000575,0.1200636312365532,0.974025974025974,0.0002966316784621
19,0.1412370125097888,0.9597469810235768,0.1186831533908844,0.974025974025974,0.00025000000000000017
20,0.14746371949357645,0.953421506612996,0.1177070751786232,0.974025974025974,0.00020610737385376354
21,0.14788021839090756,0.9511213341000575,0.11679321378469468,0.974025974025974,0.00016543469682057108
22,0.1433758775570563,0.9528464634847613,0.11606244295835495,0.974025974025974,0.00012842758726130298
23,0.15090627170034818,0.9511213341000575,0.11549020111560822,0.974025974025974,9.549150281252637e-05
24,0.14650581457785197,0.9528464634847613,0.11510602980852128,0.974025974025974,6.698729810778068e-05
25,0.14324287032442434,0.9516963772282921,0.11484274566173554,0.974025974025974,4.322727117869953e-05
26,0.14431228648338998,0.9568717653824037,0.11465057581663132,0.974025974025974,2.447174185242324e-05
27,0.13379155126001155,0.9580218516388729,0.11454158574342728,0.974025974025974,1.092619963309716e-05
28,0.1406040820958359,0.9568717653824037,0.11449299156665801,0.974025974025974,2.7390523158633003e-06
29,0.14081629738211632,0.960897067280046,0.11448078006505966,0.974025974025974,0.0
